тема,вид,текст на фоне,приглушённый на фоне,приглушённый после подмешивания,акцент на фоне,текст на приподнятом,фон на акценте,ошибка на фоне,приподнятое на фоне
8008,тёмная,9.67,4.23,6.87,3.38,10.58,3.38,2.46,1.09
80s_after_dark,тёмная,13.20,10.32,11.78,9.03,14.00,9.03,15.20,1.06
9009,светлая,16.72,2.55,7.73,16.72,12.78,16.72,2.63,1.31
aether,тёмная,13.51,5.79,9.28,13.51,11.61,13.51,5.61,1.16
alduin,тёмная,15.36,1.75,6.84,11.75,13.99,11.75,3.75,1.10
alpine,тёмная,5.35,1.86,3.49,5.35,4.55,5.35,1.18,1.18
anti_hero,тёмная,15.81,6.05,9.71,11.38,14.63,11.38,15.02,1.08
arch,тёмная,17.85,2.19,8.15,8.86,15.94,8.86,5.81,1.12
aurora,тёмная,17.97,2.41,8.41,11.10,19.77,11.10,3.97,1.10
beach,светлая,4.17,1.29,2.36,1.53,3.60,1.53,2.34,1.16
bento,тёмная,11.24,2.37,6.15,4.68,12.82,4.68,2.79,1.14
bingsu,светлая,1.86,4.84,1.23,2.35,2.21,2.35,3.82,1.19
bliss,тёмная,14.98,2.23,7.32,10.60,12.75,10.60,2.85,1.17
blue_dolphin,тёмная,8.91,7.96,8.32,9.10,7.13,9.10,8.04,1.25
blueberry_dark,тёмная,6.51,3.31,4.87,9.36,7.25,9.36,3.53,1.11
blueberry_light,светлая,3.09,1.93,2.47,4.65,2.42,4.65,3.04,1.28
botanical,светлая,2.61,2.54,1.28,2.61,3.02,2.61,1.98,1.16
bouquet,тёмная,8.93,2.99,5.63,5.56,7.20,5.56,2.63,1.24
breeze,светлая,6.58,2.31,4.01,3.36,7.69,3.36,3.36,1.17
bushido,тёмная,12.89,2.35,6.72,3.98,14.10,3.98,3.98,1.09
cafe,светлая,9.17,1.35,2.72,9.17,7.59,9.17,2.70,1.21
camping,светлая,9.44,1.75,4.07,3.48,7.79,3.48,4.69,1.21
carbon,тёмная,10.55,2.10,5.64,4.43,11.49,4.43,2.98,1.09
catppuccin,тёмная,11.34,4.44,7.71,8.07,12.14,8.07,7.08,1.07
chaos_theory,тёмная,14.50,3.67,8.40,7.73,12.98,7.73,7.73,1.12
cheesecake,светлая,10.91,4.20,7.74,7.26,9.64,7.26,1.31,1.13
cherry_blossom,тёмная,8.05,3.01,5.39,3.72,8.67,3.72,2.70,1.08
comfy,тёмная,6.13,3.64,4.89,4.83,6.94,4.83,1.50,1.13
copper,тёмная,9.57,5.69,7.62,3.05,8.44,3.05,1.68,1.13
creamsicle,светлая,2.05,1.39,1.26,2.05,2.29,2.05,4.37,1.12
cy_red,тёмная,5.88,3.60,4.67,2.84,8.66,2.84,4.15,1.47
cyberspace,тёмная,14.92,4.85,9.33,8.31,15.78,8.31,5.79,1.06
dark,тёмная,16.28,1.94,7.40,16.28,15.15,16.28,4.05,1.07
dark_magic_girl,тёмная,5.68,11.84,7.89,9.68,6.07,9.68,5.04,1.07
dark_note,тёмная,12.25,4.81,8.35,9.96,13.69,9.96,4.12,1.12
darling,светлая,1.46,5.61,1.80,1.46,1.68,1.46,2.81,1.15
deku,тёмная,3.71,2.04,1.72,1.43,4.43,1.43,1.43,1.19
desert_oasis,светлая,13.10,4.57,9.13,2.22,10.92,2.22,2.11,1.20
dev,тёмная,10.03,2.33,5.58,6.00,10.71,6.00,2.52,1.07
diner,тёмная,3.32,1.48,1.78,2.11,3.81,2.11,1.13,1.15
dino,светлая,16.14,1.47,4.79,1.90,13.97,1.90,2.98,1.16
discord,тёмная,9.39,1.78,4.96,2.70,10.25,2.70,3.23,1.09
dmg,светлая,7.36,5.65,6.74,4.90,5.71,4.90,4.90,1.29
dollar,светлая,5.48,2.34,3.67,3.05,4.46,3.05,4.24,1.23
dots,тёмная,18.20,3.62,9.82,18.20,16.55,18.20,3.90,1.10
dracula,тёмная,13.36,3.03,7.50,5.90,14.85,5.90,4.53,1.11
drowning,тёмная,5.81,3.08,4.43,3.53,5.40,3.53,3.88,1.08
dualshot,тёмная,3.36,2.04,1.35,3.36,2.70,3.36,1.16,1.25
earthsong,тёмная,9.49,7.95,8.71,4.13,10.72,4.13,1.64,1.13
everblush,тёмная,12.46,4.84,8.46,9.41,10.43,9.41,5.88,1.20
evil_eye,тёмная,4.33,1.75,3.10,3.71,3.83,3.71,1.12,1.13
ez_mode,тёмная,5.53,1.60,3.22,2.05,6.79,2.05,3.04,1.23
fire,тёмная,20.58,2.09,8.78,2.96,18.93,2.96,2.39,1.09
fledgling,тёмная,8.30,2.04,4.71,4.31,9.33,4.31,2.92,1.12
fleuriste,светлая,8.78,4.64,6.96,3.64,7.36,3.64,4.33,1.19
floret,тёмная,12.57,4.69,8.42,11.92,11.06,11.92,2.12,1.14
froyo,светлая,2.98,1.93,2.44,2.98,2.62,2.98,1.80,1.14
frozen_llama,светлая,1.29,1.94,1.14,5.38,1.46,5.38,3.53,1.13
fruit_chew,светлая,10.21,1.69,4.33,7.83,8.53,7.83,4.09,1.20
fundamentals,тёмная,3.95,2.72,1.27,1.69,3.31,1.69,1.67,1.19
future_funk,тёмная,13.91,6.38,9.90,13.91,14.79,13.91,4.61,1.06
github,тёмная,10.45,3.82,6.94,7.24,12.17,7.24,2.87,1.17
godspeed,светлая,4.52,1.85,2.95,1.59,4.08,1.59,3.63,1.11
graen,тёмная,3.99,1.48,1.84,3.99,3.51,3.99,1.13,1.14
grand_prix,тёмная,5.61,1.77,3.51,5.57,4.63,5.57,2.95,1.21
grape,тёмная,17.85,1.75,7.33,7.80,19.16,7.80,5.36,1.07
gruvbox_dark,тёмная,10.75,2.26,5.86,5.94,11.74,5.94,4.29,1.09
gruvbox_light,светлая,10.22,2.45,5.12,2.80,7.41,2.80,4.82,1.38
hammerhead,тёмная,17.45,1.77,7.43,10.36,15.33,10.36,4.47,1.14
hanok,светлая,7.48,3.08,5.01,7.00,6.31,7.00,3.07,1.18
hedge,тёмная,6.45,5.74,6.14,2.19,7.88,2.19,1.48,1.22
honey,светлая,1.70,2.23,1.02,1.75,1.97,1.75,2.26,1.16
horizon,тёмная,8.66,6.15,7.33,7.38,9.22,7.38,4.15,1.06
husqy,тёмная,15.70,4.17,8.51,8.45,14.62,8.45,4.50,1.07
iceberg_dark,тёмная,10.60,2.77,6.18,6.59,9.12,6.59,6.06,1.16
iceberg_light,светлая,9.66,1.75,4.15,6.09,7.48,6.09,3.44,1.29
incognito,тёмная,11.30,2.59,6.28,9.02,10.69,9.02,4.81,1.06
ishtar,тёмная,12.90,3.78,7.93,1.81,11.82,1.81,2.57,1.09
iv_clover,светлая,4.94,4.69,4.82,3.70,6.96,3.70,1.66,1.41
iv_spade,тёмная,11.43,1.89,5.66,7.12,10.95,7.12,5.18,1.04
joker,тёмная,14.70,3.14,7.98,11.31,15.37,11.31,4.10,1.05
laser,тёмная,12.69,2.61,6.13,4.98,13.38,4.98,9.24,1.05
lavender,светлая,5.90,1.83,1.72,1.83,5.17,1.83,1.98,1.14
leather,тёмная,3.57,1.65,1.79,3.57,4.18,3.57,1.05,1.17
lil_dragon,светлая,11.10,2.35,5.37,3.64,8.88,3.64,1.65,1.25
lilac_mist,светлая,10.78,2.23,5.01,4.90,8.44,4.90,2.65,1.28
lime,светлая,2.31,2.16,1.23,1.76,2.64,1.76,1.08,1.15
luna,тёмная,13.57,1.82,6.30,6.16,12.03,6.16,9.59,1.13
macroblank,светлая,9.76,2.75,6.07,3.48,11.07,3.48,3.48,1.13
magic_girl,светлая,2.88,1.43,2.10,1.74,2.58,1.74,1.25,1.12
mashu,тёмная,11.27,6.40,8.82,2.84,12.17,2.84,3.19,1.08
matcha_moccha,тёмная,8.33,2.37,5.01,5.11,9.89,5.11,3.22,1.19
material,тёмная,11.14,2.19,5.96,7.05,9.64,7.05,3.83,1.16
matrix,тёмная,18.90,2.86,8.99,15.34,15.61,15.34,4.50,1.21
menthol,светлая,2.33,3.02,1.10,2.33,2.84,2.33,1.85,1.22
metaverse,тёмная,12.83,2.42,6.77,3.21,13.76,3.21,3.37,1.07
metropolis,тёмная,14.12,2.79,7.49,7.89,15.14,7.89,3.78,1.07
mexican,светлая,1.64,6.63,1.48,3.20,1.50,3.20,2.45,1.10
miami,светлая,2.72,2.41,1.26,1.94,3.35,1.94,2.90,1.23
miami_nights,тёмная,17.73,7.64,12.26,5.44,19.16,5.44,15.81,1.08
midnight,тёмная,8.53,2.07,4.78,4.18,7.70,4.18,5.38,1.11
milkshake,светлая,14.08,1.81,5.09,14.08,11.88,14.08,2.07,1.19
mint,тёмная,10.88,1.98,5.57,6.98,11.90,6.98,3.75,1.09
mizu,светлая,9.06,1.53,3.92,1.63,8.07,1.63,2.42,1.12
modern_dolch,тёмная,10.86,1.89,5.57,8.52,12.26,8.52,3.96,1.13
modern_dolch_light,светлая,6.93,1.84,3.63,1.26,7.83,1.26,1.76,1.13
modern_ink,светлая,21.00,2.01,7.81,3.63,17.78,3.63,5.40,1.18
monokai,тёмная,11.43,10.44,10.94,9.58,12.61,9.58,3.93,1.10
moonlight,тёмная,10.15,2.35,5.65,6.75,10.72,6.75,2.55,1.06
mountain,тёмная,15.50,2.23,7.42,15.50,14.07,15.50,6.28,1.10
mr_sleeves,светлая,11.59,1.84,4.94,1.43,10.18,1.43,2.77,1.14
ms_cupcakes,светлая,15.47,4.20,9.59,1.71,14.30,1.71,1.62,1.08
muted,тёмная,5.61,2.88,4.25,4.10,6.46,4.10,4.88,1.15
nautilus,тёмная,6.61,1.73,3.82,8.64,7.23,8.64,3.43,1.09
nebula,тёмная,4.29,6.13,4.86,3.14,4.72,3.14,3.40,1.10
night_runner,тёмная,13.14,2.23,6.59,14.97,14.20,14.97,3.45,1.08
nord,тёмная,10.80,5.16,7.91,7.29,9.25,7.29,3.56,1.17
nord_light,светлая,1.81,3.91,2.50,1.81,1.54,1.81,3.55,1.17
norse,тёмная,8.80,2.21,5.08,2.19,7.24,2.19,1.66,1.22
oblivion,тёмная,11.82,2.08,6.12,4.95,10.32,4.95,3.04,1.15
olive,светлая,9.44,1.66,3.98,2.47,7.67,2.47,4.03,1.23
olivia,тёмная,14.99,1.70,6.63,8.76,13.74,8.76,4.19,1.09
onedark,тёмная,6.19,10.82,8.04,5.28,7.05,5.28,3.90,1.14
our_theme,тёмная,5.62,2.16,2.08,3.82,8.17,3.82,3.82,1.46
pale_nimbus,тёмная,10.11,5.75,7.88,8.53,7.13,8.53,3.41,1.42
paper,светлая,8.39,1.83,3.91,8.39,7.17,8.39,4.65,1.17
passion_fruit,тёмная,9.75,3.38,6.36,4.99,7.57,4.99,5.09,1.29
pastel,светлая,3.31,1.42,1.51,1.66,2.72,1.66,1.51,1.21
peach_blossom,тёмная,10.12,2.35,5.68,6.69,8.65,6.69,5.16,1.17
peaches,светлая,5.65,1.31,2.72,2.09,5.12,2.09,1.97,1.10
phantom,тёмная,12.90,2.33,6.64,8.27,9.02,8.27,7.87,1.43
pink_lemonade,светлая,1.34,1.32,1.04,1.46,1.46,1.46,1.97,1.09
pulse,тёмная,15.71,2.41,7.74,7.29,16.57,7.29,3.81,1.06
purpleish,тёмная,6.74,2.68,4.57,3.04,7.21,3.04,5.71,1.07
rainbow_trail,светлая,15.12,7.51,11.25,11.08,12.49,11.08,3.67,1.21
red_dragon,тёмная,2.24,8.79,4.34,5.38,2.36,5.38,1.79,1.05
red_samurai,тёмная,6.82,1.49,2.68,3.84,7.74,3.84,4.16,1.13
repose_dark,тёмная,8.36,3.86,6.03,8.36,7.29,8.36,3.86,1.15
repose_light,светлая,10.16,2.72,5.48,5.22,8.45,5.22,4.21,1.20
retro,светлая,11.52,2.27,5.63,11.52,9.75,11.52,2.74,1.18
retrocast,тёмная,5.61,4.15,4.86,3.54,4.37,3.54,1.82,1.29
rgb,тёмная,16.28,1.94,7.40,16.28,15.00,16.28,16.28,1.08
rose_pine,тёмная,12.61,7.94,10.28,9.76,11.35,9.76,5.72,1.11
rose_pine_dawn,светлая,5.88,2.02,3.58,3.30,5.07,3.30,4.04,1.16
rose_pine_moon,тёмная,10.90,6.87,8.90,8.44,12.19,8.44,4.94,1.12
rudy,тёмная,8.57,1.74,4.55,4.73,9.58,4.73,3.52,1.12
ryujinscales,тёмная,15.00,11.29,13.21,6.59,15.73,6.59,3.99,1.05
serika,светлая,9.56,1.71,4.10,1.46,8.34,1.46,3.57,1.15
serika_dark,тёмная,8.05,2.17,4.76,6.55,8.78,6.55,2.70,1.09
sewing_tin,тёмная,15.06,3.06,7.99,9.99,12.58,9.99,5.46,1.20
sewing_tin_light,светлая,13.29,5.80,9.28,13.29,8.45,13.29,1.51,1.57
shadow,тёмная,18.10,2.16,8.23,18.10,15.45,18.10,21.00,1.17
shoko,светлая,6.11,2.08,3.63,1.33,5.28,1.33,2.81,1.16
slambook,светлая,17.32,—,—,19.95,12.56,19.95,3.52,1.38
snes,светлая,7.35,1.61,3.61,4.58,6.44,4.58,2.50,1.14
soaring_skies,светлая,15.98,14.24,15.77,1.87,12.43,1.87,3.07,1.29
solarized_dark,тёмная,4.08,4.75,4.35,4.69,4.52,4.69,3.30,1.11
solarized_light,светлая,16.45,2.93,7.74,2.97,12.50,2.97,4.21,1.32
solarized_osaka,тёмная,15.37,5.96,10.11,5.88,13.56,5.88,4.07,1.13
sonokai,тёмная,10.48,8.18,9.30,7.57,11.96,7.57,4.52,1.14
spiderman,тёмная,16.49,4.37,9.15,4.31,15.11,4.31,4.37,1.09
stealth,тёмная,1.91,3.60,2.54,1.91,1.73,1.91,5.41,1.11
strawberry,светлая,2.50,1.60,1.33,2.50,2.85,2.50,1.77,1.14
striker,тёмная,6.58,1.51,2.69,6.64,7.35,6.64,2.68,1.12
suisei,тёмная,6.69,4.18,5.33,7.30,8.03,7.30,2.13,1.20
sunset,тёмная,12.82,2.51,6.74,7.56,14.33,7.56,6.35,1.12
superuser,тёмная,12.92,2.44,6.81,11.06,14.14,11.06,4.83,1.09
sweden,тёмная,7.18,2.82,4.82,4.75,8.36,4.75,1.78,1.16
tangerine,светлая,13.94,1.90,5.35,2.83,11.52,2.83,2.17,1.21
taro,светлая,10.25,2.69,6.01,10.25,8.24,10.25,1.42,1.24
terminal,тёмная,14.31,1.93,6.75,6.04,15.01,6.04,2.29,1.05
terra,тёмная,16.18,2.69,8.15,9.30,14.67,9.30,11.39,1.10
terrazzo,светлая,9.67,2.90,5.57,2.42,8.21,2.42,6.48,1.18
terror_below,тёмная,13.95,2.19,6.66,6.49,14.88,6.49,4.23,1.07
tiramisu,светлая,3.84,1.57,2.51,1.57,3.54,1.57,1.98,1.09
trackday,тёмная,5.36,2.04,3.59,2.15,6.28,2.15,2.19,1.17
trance,тёмная,20.50,2.44,9.26,4.57,15.43,4.57,10.69,1.33
tron_orange,тёмная,17.50,5.96,10.55,13.54,3.06,13.54,4.38,5.73
vaporwave,светлая,1.93,1.69,1.19,1.28,2.23,1.28,3.54,1.16
vesper,тёмная,19.03,7.28,12.84,12.58,17.04,12.58,7.84,1.12
vesper_light,светлая,21.00,2.61,9.15,2.81,19.99,2.81,4.23,1.05
viridescent,тёмная,11.39,4.93,8.07,7.64,13.20,7.64,3.82,1.16
voc,тёмная,16.22,1.47,6.44,12.23,14.72,12.23,3.17,1.10
vscode,тёмная,11.25,1.97,5.71,3.70,11.86,3.70,4.64,1.05
watermelon,тёмная,6.39,2.15,4.06,3.13,5.61,3.13,1.97,1.14
wavez,тёмная,12.76,2.04,6.27,8.62,11.51,8.62,3.23,1.11
witch_girl,светлая,3.72,1.43,2.36,3.72,3.12,3.72,2.01,1.19